source,category,phrase
University of Wisconsin–Madison Writing Center,Chronology,after
University of Wisconsin–Madison Writing Center,Chronology,afterwards
University of Wisconsin–Madison Writing Center,Chronology,always
University of Wisconsin–Madison Writing Center,Chronology,at length
University of Wisconsin–Madison Writing Center,Chronology,during
University of Wisconsin–Madison Writing Center,Chronology,earlier
University of Wisconsin–Madison Writing Center,Chronology,following
University of Wisconsin–Madison Writing Center,Chronology,immediately
University of Wisconsin–Madison Writing Center,Chronology,in the meantime
University of Wisconsin–Madison Writing Center,Chronology,later
University of Wisconsin–Madison Writing Center,Chronology,never
University of Wisconsin–Madison Writing Center,Chronology,next
University of Wisconsin–Madison Writing Center,Chronology,now
University of Wisconsin–Madison Writing Center,Chronology,once
University of Wisconsin–Madison Writing Center,Chronology,simultaneously
University of Wisconsin–Madison Writing Center,Chronology,so far
University of Wisconsin–Madison Writing Center,Chronology,sometimes
University of Wisconsin–Madison Writing Center,Chronology,soon
University of Wisconsin–Madison Writing Center,Chronology,subsequently
University of Wisconsin–Madison Writing Center,Chronology,then
University of Wisconsin–Madison Writing Center,Chronology,this time
University of Wisconsin–Madison Writing Center,Chronology,until now
University of Wisconsin–Madison Writing Center,Chronology,when
University of Wisconsin–Madison Writing Center,Chronology,whenever
University of Wisconsin–Madison Writing Center,Chronology,while
University of North Carolina at Chapel Hill,Chronology,first
University of North Carolina at Chapel Hill,Chronology,second
University of North Carolina at Chapel Hill,Chronology,third
University of North Carolina at Chapel Hill,Chronology,next
University of North Carolina at Chapel Hill,Chronology,then
University of North Carolina at Chapel Hill,Chronology,finally
University of North Carolina at Chapel Hill,Chronology,after
University of North Carolina at Chapel Hill,Chronology,afterward
University of North Carolina at Chapel Hill,Chronology,at last
University of North Carolina at Chapel Hill,Chronology,before
University of North Carolina at Chapel Hill,Chronology,current
University of North Carolina at Chapel Hill,Chronology,during
University of North Carolina at Chapel Hill,Chronology,earlier
University of North Carolina at Chapel Hill,Chronology,immediately
University of North Carolina at Chapel Hill,Chronology,later
University of North Carolina at Chapel Hill,Chronology,meanwhile
University of North Carolina at Chapel Hill,Chronology,now
University of North Carolina at Chapel Hill,Chronology,recently
University of North Carolina at Chapel Hill,Chronology,simultaneously
University of North Carolina at Chapel Hill,Chronology,subsequently
St. Louis Community College,Chronology,first
St. Louis Community College,Chronology,second
St. Louis Community College,Chronology,third
St. Louis Community College,Chronology,next
St. Louis Community College,Chronology,then
St. Louis Community College,Chronology,finally
St. Louis Community College,Chronology,last
St. Louis Community College,Chronology,afterward
St. Louis Community College,Chronology,subsequently
St. Louis Community College,Chronology,previously
St. Louis Community College,Chronology,at last
St. Louis Community College,Chronology,meanwhile
St. Louis Community College,Chronology,in the meantime
St. Louis Community College,Chronology,immediately
St. Louis Community College,Chronology,soon
St. Louis Community College,Chronology,at length
St. Louis Community College,Chronology,yesterday
Touro University Writing Center,Chronology,first
Touro University Writing Center,Chronology,second
Touro University Writing Center,Chronology,third
Touro University Writing Center,Chronology,next
Touro University Writing Center,Chronology,then
Touro University Writing Center,Chronology,following this
Touro University Writing Center,Chronology,at this time
Touro University Writing Center,Chronology,now
Touro University Writing Center,Chronology,at this point
Touro University Writing Center,Chronology,after
Touro University Writing Center,Chronology,afterward
Touro University Writing Center,Chronology,subsequently
Touro University Writing Center,Chronology,finally
Touro University Writing Center,Chronology,consequently
Touro University Writing Center,Chronology,previously
Touro University Writing Center,Chronology,before this
Touro University Writing Center,Chronology,simultaneously
Touro University Writing Center,Chronology,concurrently
Touro University Writing Center,Chronology,soon
Touro University Writing Center,Chronology,and then
Grammarly Blog,Chronology,finally
Grammarly Blog,Chronology,first
Grammarly Blog,Chronology,second
Grammarly Blog,Chronology,third
Grammarly Blog,Chronology,last
Grammarly Blog,Chronology,next
Grammarly Blog,Chronology,then
